{"0": {"mlp": {"0": {"0": 0.029249122366309166, "1": 0.0601767972111702, "2": 0.057074230164289474, "3": 0.04931838437914848, "4": 0.03082277625799179, "5": 0.038885701447725296, "6": 0.09133855998516083}, "1": {"0": 0.053511448204517365, "1": 0.026658920571208, "2": 0.04813389852643013, "3": 0.07483024150133133, "4": 0.030636100098490715, "5": 0.036104679107666016, "6": 0.02693895436823368}, "2": {"0": 0.05109923332929611, "1": 0.021582486107945442, "2": 0.03277594968676567, "3": 0.04402945563197136, "4": 0.05370078980922699, "5": 0.03972852602601051, "6": 0.030027784407138824}, "3": {"0": 0.03731130063533783, "1": 0.022097021341323853, "2": 0.03326182812452316, "3": 0.06773524731397629, "4": 0.049352508038282394, "5": 0.06087203696370125, "6": 0.03504405543208122}, "4": {"0": 0.08734171837568283, "1": 0.0341007262468338, "2": 0.043455470353364944, "3": 0.07716912776231766, "4": 0.028221186250448227, "5": 0.02855932153761387, "6": 0.062073417007923126}, "5": {"0": 0.024658340960741043, "1": 0.034144505858421326, "2": 0.03670324385166168, "3": 0.048388827592134476, "4": 0.05239683389663696, "5": 0.023450495675206184, "6": 0.06521225720643997}, "6": {"0": 0.049359001219272614, "1": 0.025492068380117416, "2": 0.02693193405866623, "3": 0.054778605699539185, "4": 0.025839023292064667, "5": 0.01387870591133833, "6": 0.07699097692966461}, "7": {"0": 0.03418968617916107, "1": 0.05389731377363205, "2": 0.04618578776717186, "3": 0.03930114954710007, "4": 0.060131825506687164, "5": 0.03146403282880783, "6": 0.0640610009431839}, "8": {"0": 0.021691791713237762, "1": 0.027404148131608963, "2": 0.023216281086206436, "3": 0.04237014055252075, "4": 0.02552918717265129, "5": 0.044209714978933334, "6": 0.038340918719768524}, "9": {"0": 0.020596818998456, "1": 0.028295032680034637, "2": 0.02573065273463726, "3": 0.07314079254865646, "4": 0.020459070801734924, "5": 0.0579017773270607, "6": 0.02853517048060894}, "10": {"0": 0.04554533585906029, "1": 0.03515581414103508, "2": 0.034126635640859604, "3": 0.05520809814333916, "4": 0.04707157611846924, "5": 0.024289721623063087, "6": 0.0643073245882988}, "11": {"0": 0.060368653386831284, "1": 0.029721206054091454, "2": 0.02585531212389469, "3": 0.03685945272445679, "4": 0.06604313850402832, "5": 0.041906509548425674, "6": 0.038797441869974136}}, "attn": {"0": {"0": 0.019221536815166473, "1": 0.03458161652088165, "2": 0.02715795859694481, "3": 0.0614452138543129, "4": 0.026751646772027016, "5": 0.029852043837308884, "6": 0.02587280422449112}, "1": {"0": 0.036382175981998444, "1": 0.04340435191988945, "2": 0.02741784043610096, "3": 0.05973569303750992, "4": 0.06527487188577652, "5": 0.027413297444581985, "6": 0.030698565766215324}, "2": {"0": 0.042860157787799835, "1": 0.04023249074816704, "2": 0.0630984827876091, "3": 0.044416625052690506, "4": 0.03569154068827629, "5": 0.02585715241730213, "6": 0.036996982991695404}, "3": {"0": 0.049530208110809326, "1": 0.04595664516091347, "2": 0.049455542117357254, "3": 0.06378939002752304, "4": 0.029046323150396347, "5": 0.023972755298018456, "6": 0.04861447215080261}, "4": {"0": 0.05890245735645294, "1": 0.027696702629327774, "2": 0.05732761695981026, "3": 0.10885931551456451, "4": 0.03353719785809517, "5": 0.01925588585436344, "6": 0.05143170803785324}, "5": {"0": 0.05024458095431328, "1": 0.040815770626068115, "2": 0.02517194114625454, "3": 0.051387716084718704, "4": 0.07048746198415756, "5": 0.03203676640987396, "6": 0.07919275015592575}, "6": {"0": 0.04043387249112129, "1": 0.05329953506588936, "2": 0.049738191068172455, "3": 0.061112623661756516, "4": 0.03214284032583237, "5": 0.04094615951180458, "6": 0.06915786117315292}, "7": {"0": 0.05624834820628166, "1": 0.05466463416814804, "2": 0.03818522393703461, "3": 0.04018618166446686, "4": 0.038245052099227905, "5": 0.024065589532256126, "6": 0.06593804806470871}, "8": {"0": 0.03890829160809517, "1": 0.03799320384860039, "2": 0.03635210171341896, "3": 0.08109218627214432, "4": 0.04929855838418007, "5": 0.03697192668914795, "6": 0.06438534706830978}, "9": {"0": 0.053810421377420425, "1": 0.04026046767830849, "2": 0.03408509120345116, "3": 0.027537740767002106, "4": 0.043135661631822586, "5": 0.07311925292015076, "6": 0.06835608929395676}, "10": {"0": 0.038944147527217865, "1": 0.05894730985164642, "2": 0.03666035458445549, "3": 0.03746568039059639, "4": 0.028547678142786026, "5": 0.050452593713998795, "6": 0.06948106735944748}, "11": {"0": 0.03551407903432846, "1": 0.035766370594501495, "2": 0.023665934801101685, "3": 0.03376936540007591, "4": 0.027643943205475807, "5": 0.053016480058431625, "6": 0.05796709656715393}}, "hidden": {"0": {"0": 0.06034506484866142, "1": 0.025342630222439766, "2": 0.04464566707611084, "3": 0.05559074506163597, "4": 0.04443710669875145, "5": 0.028405239805579185, "6": 0.05699560046195984}, "1": {"0": 0.024852963164448738, "1": 0.0420454703271389, "2": 0.036662813276052475, "3": 0.05504363775253296, "4": 0.036438003182411194, "5": 0.03666554391384125, "6": 0.026738515123724937}, "2": {"0": 0.05150315538048744, "1": 0.03395158797502518, "2": 0.02772856131196022, "3": 0.07052651792764664, "4": 0.038449257612228394, "5": 0.0327657088637352, "6": 0.040018197149038315}, "3": {"0": 0.06674806028604507, "1": 0.040692735463380814, "2": 0.026523137465119362, "3": 0.08188970386981964, "4": 0.042071640491485596, "5": 0.01848246529698372, "6": 0.029088538140058517}, "4": {"0": 0.03135249391198158, "1": 0.034082964062690735, "2": 0.04462775960564613, "3": 0.03975008428096771, "4": 0.06975638121366501, "5": 0.052410151809453964, "6": 0.026006663218140602}, "5": {"0": 0.06517612934112549, "1": 0.030903195962309837, "2": 0.03238194063305855, "3": 0.05219626426696777, "4": 0.03198162838816643, "5": 0.029681405052542686, "6": 0.022604765370488167}, "6": {"0": 0.07182363420724869, "1": 0.02413184940814972, "2": 0.0385599359869957, "3": 0.046825651079416275, "4": 0.028221243992447853, "5": 0.03339191898703575, "6": 0.03075478971004486}, "7": {"0": 0.05443069338798523, "1": 0.03280516713857651, "2": 0.05591319501399994, "3": 0.061860036104917526, "4": 0.021116893738508224, "5": 0.0288145300000906, "6": 0.061561230570077896}, "8": {"0": 0.04226813092827797, "1": 0.03752000257372856, "2": 0.02816791646182537, "3": 0.06118256598711014, "4": 0.057265982031822205, "5": 0.026300398632884026, "6": 0.05455606430768967}, "9": {"0": 0.025496309623122215, "1": 0.018732352182269096, "2": 0.04367470368742943, "3": 0.06721723079681396, "4": 0.0323370099067688, "5": 0.06778144836425781, "6": 0.04036075994372368}, "10": {"0": 0.02431797981262207, "1": 0.04783383384346962, "2": 0.0601254478096962, "3": 0.06054321303963661, "4": 0.028939926996827126, "5": 0.05603691563010216, "6": 0.05257856100797653}, "11": {"0": 0.02963375858962536, "1": 0.05619088560342789, "2": 0.019236644729971886, "3": 0.0373130664229393, "4": 0.025837857276201248, "5": 0.046764884144067764, "6": 0.06911006569862366}}, "prompt": "The Big Bang Theory premieres on", "correct": " CBS", "entity": ":4"}, "1": {"mlp": {"0": {"0": 0.0013445992954075336, "1": 0.0013770867371931672, "2": 0.000305691035464406, "3": 0.001025533420033753, "4": 0.0005267604719847441, "5": 0.0006840038113296032, "6": 0.0005825225962325931, "7": 0.0006083183106966317, "8": 0.0003995565348304808}, "1": {"0": 0.00016141124069690704, "1": 0.00019136726041324437, "2": 0.0012213786831125617, "3": 0.0014380598440766335, "4": 0.0006551346741616726, "5": 0.0006704643019475043, "6": 0.0002958883414976299, "7": 0.0006902102031745017, "8": 0.000678928685374558}, "2": {"0": 0.0004410575784277171, "1": 0.0011435231426730752, "2": 0.0002510181802790612, "3": 0.001140083884820342, "4": 0.0003835744864773005, "5": 0.0001777882716851309, "6": 0.0003933185071218759, "7": 0.0005826709675602615, "8": 0.0008374744211323559}, "3": {"0": 0.0009419433190487325, "1": 0.0008403324172832072, "2": 0.0008230686071328819, "3": 0.0010795273119583726, "4": 0.0005922847776673734, "5": 0.00041658541886135936, "6": 0.0005593545502051711,