{"0": {"mlp": {"0": {"0": 0.03458217903971672, "1": 0.0414409376680851, "2": 0.02310657687485218, "3": 0.05972624942660332, "4": 0.09475366026163101, "5": 0.021065715700387955, "6": 0.028422018513083458}, "1": {"0": 0.03172997385263443, "1": 0.015148020349442959, "2": 0.04809560999274254, "3": 0.05767296999692917, "4": 0.04380451515316963, "5": 0.04853146895766258, "6": 0.03626492619514465}, "2": {"0": 0.02363189496099949, "1": 0.027300173416733742, "2": 0.03853593021631241, "3": 0.06848137825727463, "4": 0.03692115843296051, "5": 0.031768620014190674, "6": 0.05916639044880867}, "3": {"0": 0.023626210168004036, "1": 0.027144860476255417, "2": 0.02642408013343811, "3": 0.06819111853837967, "4": 0.04515745863318443, "5": 0.01842799223959446, "6": 0.02314969338476658}, "4": {"0": 0.04493028298020363, "1": 0.04002765193581581, "2": 0.07633592933416367, "3": 0.07607581466436386, "4": 0.02620815671980381, "5": 0.05465790629386902, "6": 0.034973446279764175}, "5": {"0": 0.06639333069324493, "1": 0.06038703769445419, "2": 0.03648023307323456, "3": 0.09449321776628494, "4": 0.07904021441936493, "5": 0.03707097843289375, "6": 0.05814279615879059}, "6": {"0": 0.08290018141269684, "1": 0.029817312955856323, "2": 0.023649783805012703, "3": 0.038927823305130005, "4": 0.020490173250436783, "5": 0.035757876932621, "6": 0.06787985563278198}, "7": {"0": 0.03195764124393463, "1": 0.021176764741539955, "2": 0.05371528118848801, "3": 0.038941577076911926, "4": 0.0754142627120018, "5": 0.038206763565540314, "6": 0.04987414553761482}, "8": {"0": 0.04243636876344681, "1": 0.01788242720067501, "2": 0.035724032670259476, "3": 0.03599223494529724, "4": 0.044527437537908554, "5": 0.024999752640724182, "6": 0.011062842793762684}, "9": {"0": 0.024760998785495758, "1": 0.0553055964410305, "2": 0.03738212212920189, "3": 0.05132196471095085, "4": 0.04559971019625664, "5": 0.0531885139644146, "6": 0.02089768461883068}, "10": {"0": 0.051267463713884354, "1": 0.04288167133927345, "2": 0.04139212518930435, "3": 0.049485042691230774, "4": 0.031862661242485046, "5": 0.046445298939943314, "6": 0.01702507771551609}, "11": {"0": 0.03423389047384262, "1": 0.06141139566898346, "2": 0.05965210124850273, "3": 0.029361456632614136, "4": 0.016933070495724678, "5": 0.03715185821056366, "6": 0.021706171333789825}}, "attn": {"0": {"0": 0.05037316307425499, "1": 0.060234520584344864, "2": 0.032336339354515076, "3": 0.04241456463932991, "4": 0.04508621618151665, "5": 0.031368188560009, "6": 0.07523218542337418}, "1": {"0": 0.025353381410241127, "1": 0.02472318895161152, "2": 0.06793642044067383, "3": 0.05189359933137894, "4": 0.03264852240681648, "5": 0.029753955081105232, "6": 0.03880896046757698}, "2": {"0": 0.03746963292360306, "1": 0.03278953209519386, "2": 0.04231951758265495, "3": 0.05367659777402878, "4": 0.04940996319055557, "5": 0.0559711679816246, "6": 0.051456715911626816}, "3": {"0": 0.07090999186038971, "1": 0.03721519559621811, "2": 0.026265602558851242, "3": 0.062249764800071716, "4": 0.04008111357688904, "5": 0.02948695607483387, "6": 0.04110347852110863}, "4": {"0": 0.040709011256694794, "1": 0.042048949748277664, "2": 0.03530581668019295, "3": 0.06589462608098984, "4": 0.052424732595682144, "5": 0.03901710733771324, "6": 0.04685065895318985}, "5": {"0": 0.10287989675998688, "1": 0.02633427083492279, "2": 0.0600137934088707, "3": 0.056709565222263336, "4": 0.06726469099521637, "5": 0.05397579446434975, "6": 0.0507822260260582}, "6": {"0": 0.05232742801308632, "1": 0.03835468366742134, "2": 0.02701711840927601, "3": 0.042707737535238266, "4": 0.030399195849895477, "5": 0.047005169093608856, "6": 0.05666055530309677}, "7": {"0": 0.04147488623857498, "1": 0.022913528606295586, "2": 0.02391793765127659, "3": 0.07286882400512695, "4": 0.03995610401034355, "5": 0.035883866250514984, "6": 0.06684127449989319}, "8": {"0": 0.054842278361320496, "1": 0.05638299509882927, "2": 0.02707918919622898, "3": 0.04795172065496445, "4": 0.023097380995750427, "5": 0.023482678458094597, "6": 0.06236786022782326}, "9": {"0": 0.06822601705789566, "1": 0.05320142209529877, "2": 0.04502550885081291, "3": 0.020616214722394943, "4": 0.05796149745583534, "5": 0.038026947528123856, "6": 0.05946549400687218}, "10": {"0": 0.031402818858623505, "1": 0.02151346020400524, "2": 0.03415718302130699, "3": 0.03409397229552269, "4": 0.05987052619457245, "5": 0.0498662069439888, "6": 0.06593365222215652}, "11": {"0": 0.026301288977265358, "1": 0.018599657341837883, "2": 0.03550754487514496, "3": 0.03755173087120056, "4": 0.03953568637371063, "5": 0.024045294150710106, "6": 0.05519551783800125}}, "hidden": {"0": {"0": 0.02242852933704853, "1": 0.04996759071946144, "2": 0.048217207193374634, "3": 0.05642147734761238, "4": 0.03776922821998596, "5": 0.03096935711801052, "6": 0.0349535271525383}, "1": {"0": 0.05013364553451538, "1": 0.040914054960012436, "2": 0.02321244776248932, "3": 0.06708160787820816, "4": 0.04742898792028427, "5": 0.027786852791905403, "6": 0.036892037838697433}, "2": {"0": 0.02636341005563736, "1": 0.0442809984087944, "2": 0.04326041415333748, "3": 0.04735252633690834, "4": 0.04991551488637924, "5": 0.0522642657160759, "6": 0.0285157710313797}, "3": {"0": 0.03604991361498833, "1": 0.027750367298722267, "2": 0.05441104620695114, "3": 0.07820677012205124, "4": 0.030370056629180908, "5": 0.029540464282035828, "6": 0.0364622063934803}, "4": {"0": 0.041574396193027496, "1": 0.09741057455539703, "2": 0.05128844827413559, "3": 0.06679906696081161, "4": 0.03216571733355522, "5": 0.04171447083353996, "6": 0.04825212433934212}, "5": {"0": 0.029118191450834274, "1": 0.06631771475076675, "2": 0.04831968620419502, "3": 0.07240640372037888, "4": 0.056311409920454025, "5": 0.07157346606254578, "6": 0.04115695133805275}, "6": {"0": 0.036707308143377304, "1": 0.025738073512911797, "2": 0.03859003633260727, "3": 0.0618513822555542, "4": 0.037922102957963943, "5": 0.03835286945104599, "6": 0.035916008055210114}, "7": {"0": 0.034248530864715576, "1": 0.05608552694320679, "2": 0.07408076524734497, "3": 0.04157646745443344, "4": 0.03971819207072258, "5": 0.04326291382312775, "6": 0.06617388129234314}, "8": {"0": 0.0402943454682827, "1": 0.024690723046660423, "2": 0.05380738899111748, "3": 0.03891347721219063, "4": 0.03023887425661087, "5": 0.04776155203580856, "6": 0.047124143689870834}, "9": {"0": 0.030792810022830963, "1": 0.06344824284315109, "2": 0.034042906016111374, "3": 0.04175786301493645, "4": 0.031209854409098625, "5": 0.03760403394699097, "6": 0.06321237981319427}, "10": {"0": 0.05310152843594551, "1": 0.05111611261963844, "2": 0.035250160843133926, "3": 0.056469693779945374, "4": 0.04103180393576622, "5": 0.07562985271215439, "6": 0.050648514181375504}, "11": {"0": 0.027338244020938873, "1": 0.044249795377254486, "2": 0.026468388736248016, "3": 0.033053066581487656, "4": 0.04915223270654678, "5": 0.0277437474578619, "6": 0.06913307309150696}}, "prompt": "The Big Bang Theory premieres on CBS", "entity": ":4"}}