{"0": {"0": 0.26464924216270447, "1": 0.5765329599380493, "2": 0.3928679823875427, "3": 0.35781586170196533, "4": 0.4242655336856842, "5": 0.3168145418167114}, "1": {"0": 0.24453988671302795, "1": 0.19662797451019287, "2": 0.42212024331092834, "3": 0.3227454125881195, "4": 0.3982705771923065, "5": 0.2651023864746094}, "2": {"0": 0.1882374882698059, "1": 0.4730997383594513, "2": 0.4413888454437256, "3": 0.4292988181114197, "4": 0.30216729640960693, "5": 0.27197036147117615}, "3": {"0": 0.24042083323001862, "1": 0.32648247480392456, "2": 0.3544144332408905, "3": 0.498503178358078, "4": 0.03133581206202507, "5": 0.28123003244400024}, "4": {"0": 0.2612403333187103, "1": 0.0553162582218647, "2": 0.32153448462486267, "3": 0.5797263383865356, "4": 0.2830268442630768, "5": 0.1399793177843094}, "5": {"0": 0.46425700187683105, "1": 0.30039048194885254, "2": 0.4248988926410675, "3": 0.4942631125450134, "4": 0.20550306141376495, "5": 0.36966267228126526}, "6": {"0": 0.3174222707748413, "1": 0.4350283741950989, "2": 0.26076093316078186, "3": 0.48090049624443054, "4": 0.2143542319536209, "5": 0.297153502702713}, "7": {"0": 0.49471935629844666, "1": 0.459948867559433, "2": 0.4218020737171173, "3": 0.27444154024124146, "4": 0.04276268929243088, "5": 0.15338845551013947}, "8": {"0": 0.3130168318748474, "1": 0.2636701166629791, "2": 0.41053086519241333, "3": 0.33227699995040894, "4": 0.3538387417793274, "5": 0.42014196515083313}, "9": {"0": 0.3008144199848175, "1": 0.03632371127605438, "2": 0.32353144884109497, "3": 0.32316455245018005, "4": 0.12702488899230957, "5": 0.2831595838069916}, "10": {"0": 0.2718959450721741, "1": 0.3758075535297394, "2": 0.02978767640888691, "3": 0.15202602744102478, "4": 0.4180068373680115, "5": 0.2723682224750519}, "11": {"0": 0.43116384744644165, "1": 0.47362691164016724, "2": 0.3394189774990082, "3": 0.41717979311943054, "4": 0.4581665098667145, "5": 0.41497454047203064}, "12": {"0": 0.4418949782848358, "1": 0.4319274127483368, "2": 0.14261026680469513, "3": 0.22171016037464142, "4": 0.11190994083881378, "5": 0.14350053668022156}, "13": {"0": 0.03413022682070732, "1": 0.2662850618362427, "2": 0.42014843225479126, "3": 0.05431149899959564, "4": 0.4438506066799164, "5": 0.35457220673561096}, "14": {"0": 0.23606091737747192, "1": 0.19819381833076477, "2": 0.34694525599479675, "3": 0.3930748403072357, "4": 0.20273037254810333, "5": 0.346302330493927}, "15": {"0": 0.29518890380859375, "1": 0.44580844044685364, "2": 0.35712599754333496, "3": 0.46095892786979675, "4": 0.1798255741596222, "5": 0.10535898059606552}, "16": {"0": 0.21115514636039734, "1": 0.04023472219705582, "2": 0.4356437027454376, "3": 0.4999809265136719, "4": 0.29551610350608826, "5": 0.3149282932281494}, "17": {"0": 0.3230803310871124, "1": 0.27049964666366577, "2": 0.16917867958545685, "3": 0.48436087369918823, "4": 0.41706475615501404, "5": 0.3781142234802246}, "18": {"0": 0.353410542011261, "1": 0.4067244827747345, "2": 0.41120582818984985, "3": 0.28787651658058167, "4": 0.20914292335510254, "5": 0.3907145857810974}, "19": {"0": 0.2266198843717575, "1": 0.026140248402953148, "2": 0.0385870561003685, "3": 0.4379006624221802, "4": 0.022424470633268356, "5": 0.37521517276763916}, "20": {"0": 0.2797832787036896, "1": 0.3968455493450165, "2": 0.014780952595174313, "3": 0.10193713754415512, "4": 0.23734340071678162, "5": 0.4327199161052704}, "21": {"0": 0.3279309570789337, "1": 0.4749215543270111, "2": 0.28727030754089355, "3": 0.4673742651939392, "4": 0.5283817052841187, "5": 0.4477290213108063}, "22": {"0": 0.3042651414871216, "1": 0.022516364231705666, "2": 0.1875036656856537, "3": 0.4185049533843994, "4": 0.4680655598640442, "5": 0.45340076088905334}, "23": {"0": 0.25941646099090576, "1": 0.2333681285381317, "2": 0.41548171639442444, "3": 0.3738645911216736, "4": 0.04910518229007721, "5": 0.47385871410369873}}