{"mlp": {"0": {"0": 0.010799678973853588, "1": 0.05595527961850166, "2": 0.008130434900522232, "3": 0.0662514790892601, "4": 0.009397338144481182, "5": 0.004272648598998785, "6": 0.01138837356120348}, "1": {"0": 0.011595734395086765, "1": 0.006884732283651829, "2": 0.013761837966740131, "3": 0.007766143884509802, "4": 0.00454229349270463, "5": 0.015074771828949451, "6": 0.02476613037288189}, "2": {"0": 0.007244881708174944, "1": 0.010944351553916931, "2": 0.012704039923846722, "3": 0.1613965928554535, "4": 0.08009506016969681, "5": 0.0030458199325948954, "6": 0.0007101221126504242}, "3": {"0": 0.042882584035396576, "1": 0.009972422383725643, "2": 0.005542183294892311, "3": 0.2781035304069519, "4": 0.009208815172314644, "5": 0.00504341023042798, "6": 0.009581041522324085}, "4": {"0": 0.013043679296970367, "1": 0.030108610168099403, "2": 0.14343170821666718, "3": 0.1958438605070114, "4": 0.04229310154914856, "5": 0.009184788912534714, "6": 0.07742397487163544}, "5": {"0": 0.009297417476773262, "1": 0.09299284219741821, "2": 0.018036849796772003, "3": 0.16268256306648254, "4": 0.004225210752338171, "5": 0.0028655165806412697, "6": 0.007725279312580824}, "6": {"0": 0.009202838875353336, "1": 0.014366968534886837, "2": 0.0037993926089257, "3": 0.24901248514652252, "4": 0.014816118404269218, "5": 0.011968554928898811, "6": 0.024950871244072914}, "7": {"0": 0.009702646173536777, "1": 0.09300007671117783, "2": 0.038978565484285355, "3": 0.08476486802101135, "4": 0.0041537112556397915, "5": 0.004441426135599613, "6": 0.006783649791032076}, "8": {"0": 0.017513331025838852, "1": 0.006953634787350893, "2": 0.005095739848911762, "3": 0.09925168752670288, "4": 0.0031962362118065357, "5": 0.00937404204159975, "6": 0.008748848922550678}, "9": {"0": 0.0047110943123698235, "1": 0.004862206522375345, "2": 0.005838575307279825, "3": 0.21158787608146667, "4": 0.009203551337122917, "5": 0.007058053743094206, "6": 0.046715617179870605}, "10": {"0": 0.1468973457813263, "1": 0.010243686847388744, "2": 0.005091700702905655, "3": 0.2621135711669922, "4": 0.004571222700178623, "5": 0.024753274396061897, "6": 0.017222316935658455}, "11": {"0": 0.01610548421740532, "1": 0.006741065066307783, "2": 0.003972960636019707, "3": 0.1507650911808014, "4": 0.004977592267096043, "5": 0.01025298424065113, "6": 0.00975044909864664}, "12": {"0": 0.005660376977175474, "1": 0.007069105748087168, "2": 0.011421754956245422, "3": 0.06906794756650925, "4": 0.003625532379373908, "5": 0.014118151739239693, "6": 0.00803405325859785}, "13": {"0": 0.0038058902136981487, "1": 0.007991021499037743, "2": 0.004144773352891207, "3": 0.13759909570217133, "4": 0.009288414381444454, "5": 0.10024556517601013, "6": 0.0018675365718081594}, "14": {"0": 0.0017008831491693854, "1": 0.005716950166970491, "2": 0.016859062016010284, "3": 0.09114520251750946, "4": 0.0048433030024170876, "5": 0.007671427447348833, "6": 0.24269843101501465}, "15": {"0": 0.01911129243671894, "1": 0.010145087726414204, "2": 0.014232058078050613, "3": 0.12350411713123322, "4": 0.007843714207410812, "5": 0.005650297272950411, "6": 0.0034228928852826357}, "16": {"0": 0.0076469243504107, "1": 0.007366633042693138, "2": 0.008815767243504524, "3": 0.15996086597442627, "4": 0.03128071501851082, "5": 0.008590945973992348, "6": 0.006325935944914818}, "17": {"0": 0.011450438760221004, "1": 0.004794688429683447, "2": 0.09878206998109818, "3": 0.0860159769654274, "4": 0.0073203444480896, "5": 0.005376552231609821, "6": 0.029230348765850067}, "18": {"0": 0.004952843300998211, "1": 0.010599750094115734, "2": 0.008824968710541725, "3": 0.03902312368154526, "4": 0.004525907803326845, "5": 0.007791806478053331, "6": 0.004055217374116182}, "19": {"0": 0.024215828627347946, "1": 0.0062037501484155655, "2": 0.01813182421028614, "3": 0.023196253925561905, "4": 0.003515787422657013, "5": 0.015968631953001022, "6": 0.0028679741080850363}, "20": {"0": 0.026700643822550774, "1": 0.033444732427597046, "2": 0.017560411244630814, "3": 0.009046299383044243, "4": 0.0016884667566046119, "5": 0.004930443596094847, "6": 0.005543289240449667}, "21": {"0": 0.016525501385331154, "1": 0.0033454454969614744, "2": 0.010840323753654957, "3": 0.13155701756477356, "4": 0.004619437735527754, "5": 0.008141623809933662, "6": 0.00862178672105074}, "22": {"0": 0.013225867412984371, "1": 0.006206083111464977, "2": 0.00784080196171999, "3": 0.011449849233031273, "4": 0.0187288299202919, "5": 0.006522882729768753, "6": 0.004531312268227339}, "23": {"0": 0.02244781143963337, "1": 0.16522203385829926, "2": 0.016011342406272888, "3": 0.02166936732828617, "4": 0.006894617807120085, "5": 0.0059960512444376945, "6": 0.003829700406640768}, "24": {"0": 0.014872334897518158, "1": 0.0031052487902343273, "2": 0.333383172750473, "3": 0.015421301126480103, "4": 0.011780000291764736, "5": 0.0044062030501663685, "6": 0.010393671691417694}, "25": {"0": 0.00690532848238945, "1": 0.11365842074155807, "2": 0.0032250029034912586, "3": 0.009200187399983406, "4": 0.0063384464010596275, "5": 0.006944105960428715, "6": 0.016088714823126793}, "26": {"0": 0.005669039208441973, "1": 0.004149370361119509, "2": 0.006448215804994106, "3": 0.031109845265746117, "4": 0.014700659550726414, "5": 0.004243817646056414, "6": 0.11195368319749832}, "27": {"0": 0.00754738412797451, "1": 0.0034731689374893904, "2": 0.04610976204276085, "3": 0.03961937874555588, "4": 0.0018309671431779861, "5": 0.004715433344244957, "6": 0.015343506820499897}, "28": {"0": 0.015658998861908913, "1": 0.01554952934384346, "2": 0.007401285693049431, "3": 0.011185282841324806, "4": 0.005758315324783325, "5": 0.007349067833274603, "6": 0.020120106637477875}, "29": {"0": 0.017653364688158035, "1": 0.08058218657970428, "2": 0.006563565228134394, "3": 0.008545389398932457, "4": 0.005692895036190748, "5": 0.01525737252086401, "6": 0.022962182760238647}, "30": {"0": 0.01917596347630024, "1": 0.005110262893140316, "2": 0.007872101850807667, "3": 0.003559890203177929, "4": 0.00452758651226759, "5": 0.011480488814413548, "6": 0.03036097250878811}, "31": {"0": 0.0037590123247355223, "1": 0.004102357197552919, "2": 0.05060604587197304, "3": 0.003751300508156419, "4": 0.012654094025492668, "5": 0.05391912907361984, "6": 0.011946512386202812}, "32": {"0": 0.0015301344683393836, "1": 0.006827366538345814, "2": 0.002667180262506008, "3": 0.0530611015856266, "4": 0.05169934034347534, "5": 0.009866444393992424, "6": 0.021689921617507935}, "33": {"0": 0.07730360329151154, "1": 0.0166064091026783, "2": 0.008942029438912868, "3": 0.010712716728448868, "4": 0.013030953705310822, "5": 0.0030378703959286213, "6": 0.002618883503600955}, "34": {"0": 0.003933248575776815, "1": 0.003760996740311384, "2": 0.002888170536607504, "3": 0.007693981286138296, "4": 0.0026162704452872276, "5": 0.010228483006358147, "6": 0.06188581511378288}, "35": {"0": 0.16682328283786774, "1": 0.005712707061320543, "2": 0.015054857358336449, "3": 0.0020534093491733074, "4": 0.008465668186545372, "5": 0.004127624444663525, "6": 0.049995485693216324}}, "attn": {}, "hidden": {"0": {"0": 0.007890032604336739, "1": 0.18985435366630554, "2": 0.19559548795223236, "3": 0.18527349829673767, "4": 0.00329503882676363, "5": 0.008758398704230785, "6": 0.007222313433885574}, "1": {"0": 0.009402770549058914, "1": 0.01647595316171646, "2": 0.09078487753868103, "3": 0.035554438829422, "4": 0.05685538426041603, "5": 0.1486477106809616, "6": 0.004840760957449675}, "2": {"0": 0.002930249320343137, "1": 0.027396593242883682, "2": 0.12734737992286682, "3": 0.16742829978466034, "4": 0.013319725170731544, "5": 0.004700274672359228, "6": 0.015525292605161667}, "3": {"0": 0.015531484968960285, "1": 0.0011215260019525886, "2": 0.008814300410449505, "3": 0.1554912030696869, "4": 0.007374018896371126, "5": 0.03966069221496582, "6": 0.005097874440252781}, "4": {"0": 0.006771169137209654, "1": 0.0063283080235123634, "2": 0.006617255508899689, "3": 0.24872657656669617, "4": 0.0032376283779740334, "5": 0.01043756678700447,