{"0": {"0": 0.4956851601600647, "1": 0.4331291615962982, "2": 0.3547729253768921, "3": 0.393551766872406, "4": 0.37056106328964233, "5": 0.454403817653656}, "1": {"0": 0.3147725760936737, "1": 0.25393420457839966, "2": 0.3262580633163452, "3": 0.43116694688796997, "4": 0.4779360890388489, "5": 0.45796433091163635}, "2": {"0": 0.3625200688838959, "1": 0.5215356349945068, "2": 0.2743430435657501, "3": 0.4503687024116516, "4": 0.43759408593177795, "5": 0.4777020812034607}, "3": {"0": 0.52742600440979, "1": 0.28892576694488525, "2": 0.4417763352394104, "3": 0.41878896951675415, "4": 0.40522363781929016, "5": 0.5348522067070007}, "4": {"0": 0.35266607999801636, "1": 0.408332884311676, "2": 0.3861461877822876, "3": 0.5237993001937866, "4": 0.29876580834388733, "5": 0.29763656854629517}, "5": {"0": 0.41175559163093567, "1": 0.33705073595046997, "2": 0.5759662985801697, "3": 0.37886935472488403, "4": 0.44914335012435913, "5": 0.43813782930374146}, "6": {"0": 0.4860881567001343, "1": 0.30702441930770874, "2": 0.40906181931495667, "3": 0.5212682485580444, "4": 0.43837791681289673, "5": 0.41024714708328247}, "7": {"0": 0.5124415755271912, "1": 0.5005950927734375, "2": 0.46649762988090515, "3": 0.4613715708255768, "4": 0.5421079993247986, "5": 0.4033575654029846}, "8": {"0": 0.5457810163497925, "1": 0.4083946645259857, "2": 0.29256051778793335, "3": 0.44152331352233887, "4": 0.3953498899936676, "5": 0.5871580839157104}, "9": {"0": 0.37197890877723694, "1": 0.5003671050071716, "2": 0.22413109242916107, "3": 0.46154844760894775, "4": 0.4260070025920868, "5": 0.4820041358470917}, "10": {"0": 0.36833667755126953, "1": 0.5965052247047424, "2": 0.4684610962867737, "3": 0.40566614270210266, "4": 0.4536384046077728, "5": 0.3708876073360443}, "11": {"0": 0.4247012436389923, "1": 0.3608047068119049, "2": 0.389190673828125, "3": 0.36482319235801697, "4": 0.3926510512828827, "5": 0.36603161692619324}, "12": {"0": 0.5509073734283447, "1": 0.4376632869243622, "2": 0.39561691880226135, "3": 0.4447442591190338, "4": 0.4413248896598816, "5": 0.48780104517936707}, "13": {"0": 0.3797520101070404, "1": 0.4674079120159149, "2": 0.5592880249023438, "3": 0.5098455548286438, "4": 0.1499212384223938, "5": 0.4642995595932007}, "14": {"0": 0.4360041320323944, "1": 0.46199068427085876, "2": 0.41887813806533813, "3": 0.26718246936798096, "4": 0.3781721293926239, "5": 0.44863539934158325}, "15": {"0": 0.5343372225761414, "1": 0.45396703481674194, "2": 0.5243171453475952, "3": 0.5186426043510437, "4": 0.2767316401004791, "5": 0.41678091883659363}, "16": {"0": 0.4628254771232605, "1": 0.4297232925891876, "2": 0.24966920912265778, "3": 0.5116907358169556, "4": 0.4779101610183716, "5": 0.5037817358970642}, "17": {"0": 0.47958609461784363, "1": 0.44027796387672424, "2": 0.4178107976913452, "3": 0.4686891734600067, "4": 0.4895148277282715, "5": 0.4148195683956146}, "18": {"0": 0.34833797812461853, "1": 0.4901575446128845, "2": 0.39819276332855225, "3": 0.4882713258266449, "4": 0.38209378719329834, "5": 0.39478400349617004}, "19": {"0": 0.481833815574646, "1": 0.3084489405155182, "2": 0.42683231830596924, "3": 0.4385329484939575, "4": 0.4625523090362549, "5": 0.46546512842178345}, "20": {"0": 0.4201248586177826, "1": 0.5183225870132446, "2": 0.3921498656272888, "3": 0.30757206678390503, "4": 0.4575938582420349, "5": 0.48161619901657104}, "21": {"0": 0.41871827840805054, "1": 0.31975284218788147, "2": 0.44372525811195374, "3": 0.45763564109802246, "4": 0.3458153307437897, "5": 0.46634966135025024}, "22": {"0": 0.40917500853538513, "1": 0.4202336370944977, "2": 0.33175352215766907, "3": 0.3216463029384613, "4": 0.5772520303726196, "5": 0.462736576795578}, "23": {"0": 0.42897912859916687, "1": 0.41300758719444275, "2": 0.3404388725757599, "3": 0.487703412771225, "4": 0.3551732003688812, "5": 0.47385871410369873}}