{"0": {"0": 0.03668822720646858, "1": 0.01395125687122345, "2": 0.06874978542327881, "3": 0.010066278278827667, "4": 0.15733778476715088, "5": 0.011418069712817669}, "1": {"0": 0.05908149853348732, "1": 0.011933221481740475, "2": 0.024627558887004852, "3": 0.20316234230995178, "4": 0.0042793708853423595, "5": 0.004517114255577326}, "2": {"0": 0.017009418457746506, "1": 0.10115122050046921, "2": 0.05918223038315773, "3": 0.4159001111984253, "4": 0.045729201287031174, "5": 0.005532913375645876}, "3": {"0": 0.022038014605641365, "1": 0.042073819786310196, "2": 0.09740868955850601, "3": 0.33588847517967224, "4": 0.0037040752358734608, "5": 0.08396483957767487}, "4": {"0": 0.00823157373815775, "1": 0.016100173816084862, "2": 0.014353977516293526, "3": 0.07533160597085953, "4": 0.018325075507164, "5": 0.002724449383094907}, "5": {"0": 0.4291212558746338, "1": 0.027393043041229248, "2": 0.011122374795377254, "3": 0.20300714671611786, "4": 0.13769975304603577, "5": 0.013620417565107346}, "6": {"0": 0.006888293661177158, "1": 0.061957743018865585, "2": 0.03504769876599312, "3": 0.5058039426803589, "4": 0.11119110882282257, "5": 0.026537097990512848}, "7": {"0": 0.012224903330206871, "1": 0.04480621591210365, "2": 0.02145882323384285, "3": 0.401850163936615, "4": 0.0041119433008134365, "5": 0.030460402369499207}, "8": {"0": 0.013655751012265682, "1": 0.007758153136819601, "2": 0.1014842540025711, "3": 0.29467302560806274, "4": 0.023281030356884003, "5": 0.012352344579994678}, "9": {"0": 0.006064127199351788, "1": 0.11653454601764679, "2": 0.021771235391497612, "3": 0.48503097891807556, "4": 0.012482295744121075, "5": 0.03722953051328659}, "10": {"0": 0.008096153847873211, "1": 0.10547765344381332, "2": 0.04664433002471924, "3": 0.263484388589859, "4": 0.013145020231604576, "5": 0.02741956152021885}, "11": {"0": 0.06668423116207123, "1": 0.028116032481193542, "2": 0.02934277057647705, "3": 0.46949294209480286, "4": 0.04808257892727852, "5": 0.010877393186092377}, "12": {"0": 0.01750926673412323, "1": 0.029323894530534744, "2": 0.39768752455711365, "3": 0.48273205757141113, "4": 0.00843452662229538, "5": 0.10553336143493652}, "13": {"0": 0.01555544137954712, "1": 0.34539130330085754, "2": 0.021285798400640488, "3": 0.28785741329193115, "4": 0.013818861916661263, "5": 0.03840348869562149}, "14": {"0": 0.02211676351726055, "1": 0.009950769133865833, "2": 0.05381239205598831, "3": 0.45616742968559265, "4": 0.030667798593640327, "5": 0.012412890791893005}, "15": {"0": 0.003447513561695814, "1": 0.037524137645959854, "2": 0.007033251225948334, "3": 0.4658042788505554, "4": 0.02390453778207302, "5": 0.03447375074028969}, "16": {"0": 0.014202509075403214, "1": 0.025073057040572166, "2": 0.012236771173775196, "3": 0.5062398314476013, "4": 0.012234741821885109, "5": 0.06664811819791794}, "17": {"0": 0.01343348529189825, "1": 0.014858061447739601, "2": 0.009530909359455109, "3": 0.3858951926231384, "4": 0.02084052748978138, "5": 0.032618459314107895}, "18": {"0": 0.007409872952848673, "1": 0.04306766018271446, "2": 0.007402035873383284, "3": 0.24740643799304962, "4": 0.04135540872812271, "5": 0.023645950481295586}, "19": {"0": 0.019507866352796555, "1": 0.02849092334508896, "2": 0.03553631156682968, "3": 0.3231247365474701, "4": 0.0343347042798996, "5": 0.03671319782733917}, "20": {"0": 0.019093891605734825, "1": 0.02164462022483349, "2": 0.006076875142753124, "3": 0.26341190934181213, "4": 0.018455980345606804, "5": 0.031099636107683182}, "21": {"0": 0.01541508361697197, "1": 0.014519372023642063, "2": 0.01123511977493763, "3": 0.1938105672597885, "4": 0.31529441475868225, "5": 0.057852763682603836}, "22": {"0": 0.017001478001475334, "1": 0.017064224928617477, "2": 0.010260453447699547, "3": 0.11786828190088272, "4": 0.011223278939723969, "5": 0.06636066734790802}, "23": {"0": 0.013051020912826061, "1": 0.020155997946858406, "2": 0.16178689897060394, "3": 0.3708636164665222, "4": 0.013401267118752003, "5": 0.03688046708703041}, "24": {"0": 0.0072121387347579, "1": 0.0616760328412056, "2": 0.014144997112452984, "3": 0.17778591811656952, "4": 0.05159598961472511, "5": 0.03125910088419914}, "25": {"0": 0.025650879368185997, "1": 0.008280787616968155, "2": 0.023306723684072495, "3": 0.35339227318763733, "4": 0.026371803134679794, "5": 0.1935465931892395}, "26": {"0": 0.021892337128520012, "1": 0.031182896345853806, "2": 0.015148534439504147, "3": 0.028708530589938164, "4": 0.017740080133080482, "5": 0.08074481785297394}, "27": {"0": 0.019341018050909042, "1": 0.004218298476189375, "2": 0.02190135046839714, "3": 0.3708948791027069, "4": 0.0030011741910129786, "5": 0.07122383266687393}, "28": {"0": 0.053498275578022, "1": 0.02863999269902706, "2": 0.28839412331581116, "3": 0.11349651217460632, "4": 0.016948701813817024, "5": 0.10379786789417267}, "29": {"0": 0.01555734220892191, "1": 0.026576248928904533, "2": 0.006990131922066212, "3": 0.09211468696594238, "4": 0.008110446855425835, "5": 0.09103438258171082}, "30": {"0": 0.029222125187516212, "1": 0.003910306841135025, "2": 0.048994772136211395, "3": 0.0591316856443882, "4": 0.006668458692729473, "5": 0.282564252614975}, "31": {"0": 0.01944865472614765, "1": 0.007446885108947754, "2": 0.014466124586760998, "3": 0.00867514219135046, "4": 0.11935567110776901, "5": 0.17769020795822144}, "32": {"0": 0.007548346184194088, "1": 0.015931570902466774, "2": 0.012826272286474705, "3": 0.008603652939200401, "4": 0.017001695930957794, "5": 0.17469565570354462}, "33": {"0": 0.009434567764401436, "1": 0.008775832131505013, "2": 0.011878338642418385, "3": 0.07182193547487259, "4": 0.019501736387610435, "5": 0.32598114013671875}, "34": {"0": 0.01106960792094469, "1": 0.12888437509536743, "2": 0.004072512965649366, "3": 0.033214569091796875, "4": 0.006185777951031923, "5": 0.45778656005859375}, "35": {"0": 0.015154763124883175, "1": 0.01601201668381691, "2": 0.0005224610213190317, "3": 0.029706884175539017, "4": 0.01046417560428381, "5": 0.3645467460155487}, "36": {"0": 0.03126640245318413, "1": 0.012348080985248089, "2": 0.01769791543483734, "3": 0.025682877749204636, "4": 0.0194096677005291, "5": 0.30712786316871643}, "37": {"0": 0.03469165042042732, "1": 0.005443595815449953, "2": 0.007507932838052511, "3": 0.04958024621009827, "4": 0.01935381256043911, "5": 0.3444037437438965}, "38": {"0": 0.011683993972837925, "1": 0.0360238142311573, "2": 0.011890537105500698, "3": 0.009867396205663681, "4": 0.006499048322439194, "5": 0.44190362095832825}, "39": {"0": 0.02050265111029148, "1": 0.014787526801228523, "2": 0.014940619468688965, "3": 0.02889891527593136, "4": 0.029043572023510933, "5": 0.5071233510971069}, "40": {"0": 0.017075495794415474, "1": 0.012018305249512196, "2": 0.04096975550055504, "3": 0.12141526490449905, "4": 0.11916717141866684, "5": 0.5257784128189087}, "41": {"0": 0.02340986765921116, "1": 0.08407195657491684, "2": 0.01135776937007904, "3": 0.008374948054552078, "4": 0.19731830060482025, "5": 0.5498011112213135}, "42": {"0": 0.03182273730635643, "1": 0.0377080999314785, "2": 0.0035025482065975666, "3": 0.023438572883605957, "4": 0.07898211479187012, "5": 0.5940811038017273}, "43": {"0": 0.20705364644527435, "1": 0.011628508567810059, "2": 0.030711108818650246, "3": 0.019270341843366623, "4": 0.008702786639332771, "5": 0.5980422496795654}, "44": {"0": 0.05320693552494049, "1": 0.009660248644649982, "2": 0.0040102009661495686, "3": 0.01579667441546917, "4": 0.00632181903347373, "5": 0.5907301306724548}, "45": {"0": 0.021537888795137405, "1": 0.014250327832996845, "2": 0.02806205488741398, "3": 0.039062485098838806, "4": 0.052291568368673325, "5": 0.5900284647941589}, "46": {"0": 0.020299023017287254, "1": 0.009025734849274158, "2": 0.030105452984571457, "3": 0.022806484252214432, "4": 0.0216167364269495, "5": 0.5859370231628418}, "47": {"0": 0.02006632648408413, "1": 0.029439320787787437, "2": 0.07187605649232864, "3": 0.002046925248578191, "4": 0.012487855739891529, "5": 0.5819582343101501}}