{"0": {"0": 0.11560358852148056, "1": 0.025866324082016945, "2": 0.0817413479089737, "3": 0.08521027863025665, "4": 0.12372433394193649, "5": 0.04530339315533638}, "1": {"0": 0.04557809606194496, "1": 0.12082415074110031, "2": 0.05588498339056969, "3": 0.13130147755146027, "4": 0.054994985461235046, "5": 0.026494929566979408}, "2": {"0": 0.02425493486225605, "1": 0.05008212849497795, "2": 0.054970722645521164, "3": 0.09552001953125, "4": 0.1327129751443863, "5": 0.05318155139684677}, "3": {"0": 0.048530999571084976, "1": 0.04831518605351448, "2": 0.04568333923816681, "3": 0.11991631984710693, "4": 0.034051381051540375, "5": 0.05196377635002136}, "4": {"0": 0.051727961748838425, "1": 0.08580494672060013, "2": 0.11285573989152908, "3": 0.10989026725292206, "4": 0.03096196800470352, "5": 0.11431359499692917}, "5": {"0": 0.02946014516055584, "1": 0.043098147958517075, "2": 0.07965117692947388, "3": 0.05709737911820412, "4": 0.05147881805896759, "5": 0.03398353233933449}, "6": {"0": 0.04904485121369362, "1": 0.0644645243883133, "2": 0.029449911788105965, "3": 0.0424669124186039, "4": 0.05017786845564842, "5": 0.08823694288730621}, "7": {"0": 0.05853669345378876, "1": 0.07472865283489227, "2": 0.03223845362663269, "3": 0.10167092084884644, "4": 0.035649579018354416, "5": 0.06246408447623253}, "8": {"0": 0.05591242387890816, "1": 0.046878568828105927, "2": 0.03497403860092163, "3": 0.0541304349899292, "4": 0.03213450312614441, "5": 0.06542233377695084}, "9": {"0": 0.048716332763433456, "1": 0.03893089294433594, "2": 0.04055708646774292, "3": 0.05728001520037651, "4": 0.037453871220350266, "5": 0.06657291948795319}, "10": {"0": 0.058640118688344955, "1": 0.03701621666550636, "2": 0.06713658571243286, "3": 0.043898940086364746, "4": 0.04236634075641632, "5": 0.08231890946626663}, "11": {"0": 0.06226809322834015, "1": 0.05431733652949333, "2": 0.03259839490056038, "3": 0.032313618808984756, "4": 0.038440171629190445, "5": 0.09783084690570831}}