{"0": {"0": 0.009409189224243164, "1": 0.01708894968032837, "2": 0.004524312447756529, "3": 0.11219963431358337, "4": 0.009266387671232224, "5": 0.07326879352331161}, "1": {"0": 0.3750038146972656, "1": 0.007194564212113619, "2": 0.28924310207366943, "3": 0.01827937923371792, "4": 0.09899187833070755, "5": 0.011298071593046188}, "2": {"0": 0.012708897702395916, "1": 0.013723435811698437, "2": 0.005939651280641556, "3": 0.20899274945259094, "4": 0.052051424980163574, "5": 0.02418454736471176}, "3": {"0": 0.0027651768177747726, "1": 0.02881593629717827, "2": 0.01145277637988329, "3": 0.3819686770439148, "4": 0.05873863026499748, "5": 0.00804396066814661}, "4": {"0": 0.05939093604683876, "1": 0.01864727959036827, "2": 0.009359286166727543, "3": 0.5525820255279541, "4": 0.05376407876610756, "5": 0.014554054476320744}, "5": {"0": 0.01660260558128357, "1": 0.031244510784745216, "2": 0.027972402051091194, "3": 0.664400577545166, "4": 0.018006641417741776, "5": 0.03640955686569214}, "6": {"0": 0.012469126842916012, "1": 0.00859492551535368, "2": 0.24146096408367157, "3": 0.68915855884552, "4": 0.009798912331461906, "5": 0.008292306214571}, "7": {"0": 0.1360839307308197, "1": 0.04897603020071983, "2": 0.3925054669380188, "3": 0.43608760833740234, "4": 0.0017505488358438015, "5": 0.00840246956795454}, "8": {"0": 0.010820558294653893, "1": 0.022990958765149117, "2": 0.006574939005076885, "3": 0.397482305765152, "4": 0.011034956201910973, "5": 0.02123325504362583}, "9": {"0": 0.022016821429133415, "1": 0.011860444210469723, "2": 0.014132748357951641, "3": 0.3444487750530243, "4": 0.017191730439662933, "5": 0.013210250996053219}, "10": {"0": 0.0028260673861950636, "1": 0.01349808182567358, "2": 0.004030879586935043, "3": 0.319076806306839, "4": 0.004872413817793131, "5": 0.01653147116303444}, "11": {"0": 0.009985690005123615, "1": 0.02136693336069584, "2": 0.021889176219701767, "3": 0.47748199105262756, "4": 0.010104989632964134, "5": 0.007740439847111702}, "12": {"0": 0.011182361282408237, "1": 0.049327559769153595, "2": 0.05964784324169159, "3": 0.5600461959838867, "4": 0.014998959377408028, "5": 0.006468267645686865}, "13": {"0": 0.004778509493917227, "1": 0.03323560208082199, "2": 0.2659948170185089, "3": 0.3796859681606293, "4": 0.020887266844511032, "5": 0.01723606511950493}, "14": {"0": 0.046211566776037216, "1": 0.02185853011906147, "2": 0.06782318651676178, "3": 0.49073413014411926, "4": 0.04675748571753502, "5": 0.0075872656889259815}, "15": {"0": 0.017676137387752533, "1": 0.013847265392541885, "2": 0.01749958097934723, "3": 0.22456565499305725, "4": 0.020422959700226784, "5": 0.04286282882094383}, "16": {"0": 0.022451749071478844, "1": 0.006810206454247236, "2": 0.003251908579841256, "3": 0.21355758607387543, "4": 0.03255952149629593, "5": 0.01507980190217495}, "17": {"0": 0.0106952004134655, "1": 0.015206714160740376, "2": 0.012208563275635242, "3": 0.4755110740661621, "4": 0.16484858095645905, "5": 0.4108189642429352}, "18": {"0": 0.06304451823234558, "1": 0.015095064416527748, "2": 0.045960549265146255, "3": 0.23775149881839752, "4": 0.012497280724346638, "5": 0.0788513571023941}, "19": {"0": 0.016906820237636566, "1": 0.0038778746966272593, "2": 0.0023206938058137894, "3": 0.3734947443008423, "4": 0.015220515429973602, "5": 0.01604108139872551}, "20": {"0": 0.009149609133601189, "1": 0.019202040508389473, "2": 0.013802608475089073, "3": 0.15380969643592834, "4": 0.019883494824171066, "5": 0.024196844547986984}, "21": {"0": 0.003236484481021762, "1": 0.012058155611157417, "2": 0.011966661550104618, "3": 0.6822872757911682, "4": 0.008689492009580135, "5": 0.03831258416175842}, "22": {"0": 0.008638308383524418, "1": 0.0665956661105156, "2": 0.014151808805763721, "3": 0.055036284029483795, "4": 0.030669080093503, "5": 0.031915970146656036}, "23": {"0": 0.24688281118869781, "1": 0.005757384467869997, "2": 0.029543304815888405, "3": 0.4725930988788605, "4": 0.014705085195600986, "5": 0.10625464469194412}, "24": {"0": 0.011125446297228336, "1": 0.03896062821149826, "2": 0.016909195110201836, "3": 0.05284205824136734, "4": 0.004620921798050404, "5": 0.06977936625480652}, "25": {"0": 0.019775046035647392, "1": 0.23102615773677826, "2": 0.018857747316360474, "3": 0.045864738523960114, "4": 0.010936081409454346, "5": 0.1985732913017273}, "26": {"0": 0.012398380786180496, "1": 0.0054193176329135895, "2": 0.08494148403406143, "3": 0.05640275031328201, "4": 0.022449035197496414, "5": 0.3663696050643921}, "27": {"0": 0.002368625719100237, "1": 0.016586048528552055, "2": 0.0024214377626776695, "3": 0.05581554397940636, "4": 0.01371775846928358, "5": 0.26131513714790344}, "28": {"0": 0.037705160677433014, "1": 0.08805439621210098, "2": 0.009231824427843094, "3": 0.003951443359255791, "4": 0.0129309156909585, "5": 0.4508185386657715}, "29": {"0": 0.016699369996786118, "1": 0.010432240553200245, "2": 0.0884823426604271, "3": 0.018096916377544403, "4": 0.012017506174743176, "5": 0.5629494190216064}, "30": {"0": 0.0013669824693351984, "1": 0.11282997578382492, "2": 0.2480676770210266, "3": 0.017763230949640274, "4": 0.013012678362429142, "5": 0.6147215962409973}, "31": {"0": 0.026521101593971252, "1": 0.0037838472053408623, "2": 0.015542401932179928, "3": 0.07089801877737045, "4": 0.022014932706952095, "5": 0.6724047660827637}, "32": {"0": 0.29395389556884766, "1": 0.143819659948349, "2": 0.014116505160927773, "3": 0.003156943479552865, "4": 0.009097014553844929, "5": 0.7089126110076904}, "33": {"0": 0.09690684080123901, "1": 0.04263296723365784, "2": 0.006143288686871529, "3": 0.012726576998829842, "4": 0.040349919348955154, "5": 0.6720210313796997}, "34": {"0": 0.01212629396468401, "1": 0.016509655863046646, "2": 0.005068750120699406, "3": 0.00518539035692811, "4": 0.0025724684819579124, "5": 0.6956356763839722}, "35": {"0": 0.3501603901386261, "1": 0.015234149061143398, "2": 0.004281726665794849, "3": 0.016051683574914932, "4": 0.017284702509641647, "5": 0.6640377640724182}}