{"mlp": {"0": {"0": 0.0961681380867958, "1": 0.10006439685821533, "2": 0.09647353738546371, "3": 0.10094328224658966, "4": 0.0988767072558403, "5": 0.0997961014509201}, "1": {"0": 0.09660275280475616, "1": 0.09978926181793213, "2": 0.1002078652381897, "3": 0.10294603556394577, "4": 0.09775093197822571, "5": 0.09858255088329315}, "2": {"0": 0.09698819369077682, "1": 0.09388264268636703, "2": 0.09594937413930893, "3": 0.10139767825603485, "4": 0.09499003738164902, "5": 0.0985095426440239}, "3": {"0": 0.09400296211242676, "1": 0.09748836606740952, "2": 0.09265242516994476, "3": 0.09989233314990997, "4": 0.09707539528608322, "5": 0.10270290076732635}, "4": {"0": 0.08901770412921906, "1": 0.10385768860578537, "2": 0.09298554062843323, "3": 0.10069610923528671, "4": 0.10346879810094833, "5": 0.09885058552026749}, "5": {"0": 0.09312788397073746, "1": 0.09807625412940979, "2": 0.09396348148584366, "3": 0.09712929278612137, "4": 0.09712325781583786, "5": 0.09414493292570114}, "6": {"0": 0.09692196547985077, "1": 0.09900558739900589, "2": 0.10322121530771255, "3": 0.09332845360040665, "4": 0.09955640137195587, "5": 0.0941045954823494}, "7": {"0": 0.09963591396808624, "1": 0.1039506196975708, "2": 0.09604480117559433, "3": 0.10297111421823502, "4": 0.09529419988393784, "5": 0.094527468085289}, "8": {"0": 0.09897538274526596, "1": 0.10125350207090378, "2": 0.09751385450363159, "3": 0.0980496034026146, "4": 0.0933796614408493, "5": 0.09697607904672623}, "9": {"0": 0.09878350794315338, "1": 0.09934773296117783, "2": 0.09002098441123962, "3": 0.10082433372735977, "4": 0.10107304900884628, "5": 0.09911563992500305}, "10": {"0": 0.09716885536909103, "1": 0.09804204851388931, "2": 0.0944037213921547, "3": 0.0965367928147316, "4": 0.09468112885951996, "5": 0.0955440104007721}, "11": {"0": 0.094180166721344, "1": 0.104029081761837, "2": 0.10088543593883514, "3": 0.0952569842338562, "4": 0.10200657695531845, "5": 0.09543591737747192}}, "attn": {}, "hidden": {"0": {"0": 0.09342536330223083, "1": 0.09779578447341919, "2": 0.09459841996431351, "3": 0.097197987139225, "4": 0.0922468975186348, "5": 0.09261327981948853}, "1": {"0": 0.10116705298423767, "1": 0.09723638743162155, "2": 0.09849781543016434, "3": 0.09689770638942719, "4": 0.09665580093860626, "5": 0.09292732924222946}, "2": {"0": 0.09554614871740341, "1": 0.09440457075834274, "2": 0.09815037995576859, "3": 0.09804171323776245, "4": 0.0955405980348587, "5": 0.09327882528305054}, "3": {"0": 0.10360431671142578, "1": 0.09661441296339035, "2": 0.0978669598698616, "3": 0.09450262784957886, "4": 0.10052056610584259, "5": 0.09840657562017441}, "4": {"0": 0.0995258241891861, "1": 0.09788091480731964, "2": 0.09307488054037094, "3": 0.09865912050008774, "4": 0.10306045413017273, "5": 0.0965164303779602}, "5": {"0": 0.09803805500268936, "1": 0.09435494989156723, "2": 0.09546727687120438, "3": 0.09615863114595413, "4": 0.0982411652803421, "5": 0.09727052599191666}, "6": {"0": 0.0960056483745575, "1": 0.09520009160041809, "2": 0.09950105845928192, "3": 0.09535631537437439, "4": 0.09408889710903168, "5": 0.0997849702835083}, "7": {"0": 0.0995752364397049, "1": 0.09141100198030472, "2": 0.09487717598676682, "3": 0.09902963042259216, "4": 0.09635771811008453, "5": 0.0949849784374237}, "8": {"0": 0.09778472036123276, "1": 0.09254753589630127, "2": 0.09474161267280579, "3": 0.10200472921133041, "4": 0.0925324484705925, "5": 0.0983496829867363}, "9": {"0": 0.09893139451742172, "1": 0.09599988907575607, "2": 0.09966864436864853, "3": 0.0979522317647934, "4": 0.09866617619991302, "5": 0.09833204001188278}, "10": {"0": 0.0968598797917366, "1": 0.08994415402412415, "2": 0.10175453126430511, "3": 0.09495748579502106, "4": 0.0946144238114357, "5": 0.09750526398420334}, "11": {"0": 0.09391550719738007, "1": 0.09603329002857208, "2": 0.09845352917909622, "3": 0.09862107038497925, "4": 0.10035134106874466, "5": 0.09783084690570831}}}