{"mlp": {}, "attn": {}, "hidden": {"0": {"0": 0.6828563809394836, "1": 0.6715328693389893, "2": 0.6570990681648254, "3": 0.6520227789878845, "4": 0.6801466941833496, "5": 0.6748139262199402}, "1": {"0": 0.669472873210907, "1": 0.6640096306800842, "2": 0.654158890247345, "3": 0.6665100455284119, "4": 0.6606885194778442, "5": 0.6651448011398315}, "2": {"0": 0.6655362844467163, "1": 0.648064911365509, "2": 0.6738911271095276, "3": 0.6647469401359558, "4": 0.6754207611083984, "5": 0.6476560235023499}, "3": {"0": 0.6602491140365601, "1": 0.6685014963150024, "2": 0.6678122282028198, "3": 0.6773510575294495, "4": 0.6793001294136047, "5": 0.6810171008110046}, "4": {"0": 0.6714342832565308, "1": 0.6673644185066223, "2": 0.6717963218688965, "3": 0.661183774471283, "4": 0.6690183281898499, "5": 0.6694376468658447}, "5": {"0": 0.6606926321983337, "1": 0.662654459476471, "2": 0.6607988476753235, "3": 0.6643713712692261, "4": 0.6697688698768616, "5": 0.6747742295265198}, "6": {"0": 0.6695733666419983, "1": 0.6469075083732605, "2": 0.6638273000717163, "3": 0.6713240742683411, "4": 0.6611902117729187, "5": 0.6416572332382202}, "7": {"0": 0.6713235974311829, "1": 0.6720747947692871, "2": 0.6678456664085388, "3": 0.6710310578346252, "4": 0.6945227980613708, "5": 0.6753073334693909}, "8": {"0": 0.6590590476989746, "1": 0.6554824709892273, "2": 0.6587350368499756, "3": 0.6600216627120972, "4": 0.6591125726699829, "5": 0.667771577835083}, "9": {"0": 0.6546383500099182, "1": 0.6795617938041687, "2": 0.6575992703437805, "3": 0.6703710556030273, "4": 0.6725069284439087, "5": 0.6551306247711182}, "10": {"0": 0.6628972291946411, "1": 0.6634677052497864, "2": 0.6659502983093262, "3": 0.6590442061424255, "4": 0.6705697178840637, "5": 0.6630527377128601}, "11": {"0": 0.6635876297950745, "1": 0.6607586145401001, "2": 0.6742240786552429, "3": 0.6731009483337402, "4": 0.6708579063415527, "5": 0.6711682081222534}, "12": {"0": 0.6605318784713745, "1": 0.6424194574356079, "2": 0.6791796088218689, "3": 0.6633888483047485, "4": 0.6586974859237671, "5": 0.664763867855072}, "13": {"0": 0.6485514044761658, "1": 0.6744509935379028, "2": 0.659858763217926, "3": 0.6633646488189697, "4": 0.6548712253570557, "5": 0.6729736924171448}, "14": {"0": 0.6513153314590454, "1": 0.6550872921943665, "2": 0.6671208143234253, "3": 0.6610844135284424, "4": 0.6619746685028076, "5": 0.669299304485321}, "15": {"0": 0.6736201047897339, "1": 0.6580743193626404, "2": 0.6594668626785278, "3": 0.6638995409011841, "4": 0.6538230180740356, "5": 0.6620427966117859}, "16": {"0": 0.677101194858551, "1": 0.6572147607803345, "2": 0.6599130630493164, "3": 0.6644381284713745, "4": 0.6539881825447083, "5": 0.6782368421554565}, "17": {"0": 0.6691648960113525, "1": 0.6635691523551941, "2": 0.6701430082321167, "3": 0.6627930998802185, "4": 0.6590663194656372, "5": 0.6574154496192932}, "18": {"0": 0.6651126742362976, "1": 0.6680880784988403, "2": 0.6565420627593994, "3": 0.6537882089614868, "4": 0.6777006387710571, "5": 0.6451929807662964}, "19": {"0": 0.6626849174499512, "1": 0.6597883105278015, "2": 0.6677767634391785, "3": 0.6742122173309326, "4": 0.6875037550926208, "5": 0.6737713813781738}, "20": {"0": 0.6759452223777771, "1": 0.6718635559082031, "2": 0.6832106113433838, "3": 0.6591256260871887, "4": 0.6729411482810974, "5": 0.6736087203025818}, "21": {"0": 0.6555797457695007, "1": 0.6610727310180664, "2": 0.6656585335731506, "3": 0.6708732843399048, "4": 0.6562150120735168, "5": 0.6636521816253662}, "22": {"0": 0.6539402604103088, "1": 0.6563194394111633, "2": 0.6627637147903442, "3": 0.6594768762588501, "4": 0.6562357544898987, "5": 0.6651370525360107}, "23": {"0": 0.6780840158462524, "1": 0.6715331077575684, "2": 0.6640901565551758, "3": 0.6597262024879456, "4": 0.6597568392753601, "5": 0.6629135608673096}, "24": {"0": 0.6620681881904602, "1": 0.6773898601531982, "2": 0.658747673034668, "3": 0.6743054986000061, "4": 0.673387885093689, "5": 0.6656129956245422}, "25": {"0": 0.6624502539634705, "1": 0.6635121703147888, "2": 0.6712879538536072, "3": 0.6671878695487976, "4": 0.6689919829368591, "5": 0.6631274223327637}, "26": {"0": 0.6709705591201782, "1": 0.66722571849823, "2": 0.6718732118606567, "3": 0.6575732827186584, "4": 0.6734410524368286, "5": 0.6602941751480103}, "27": {"0": 0.6668846011161804, "1": 0.6534640789031982, "2": 0.6722226142883301, "3": 0.6703332662582397, "4": 0.6712254285812378, "5": 0.656069815158844}, "28": {"0": 0.6611212491989136, "1": 0.6603416204452515, "2": 0.645902156829834, "3": 0.667198121547699, "4": 0.6573373079299927, "5": 0.6612758636474609}, "29": {"0": 0.6620137095451355, "1": 0.6511492133140564, "2": 0.648616373538971, "3": 0.6612932682037354, "4": 0.666775107383728, "5": 0.6646223664283752}, "30": {"0": 0.6500535607337952, "1": 0.6619526147842407, "2": 0.6616594791412354, "3": 0.6680008172988892, "4": 0.6523237228393555, "5": 0.6587634682655334}, "31": {"0": 0.6506935954093933, "1": 0.6602081656455994, "2": 0.6432910561561584, "3": 0.6743488311767578, "4": 0.6841250061988831, "5": 0.6633392572402954}, "32": {"0": 0.6597692370414734, "1": 0.6767785549163818, "2": 0.6550223231315613, "3": 0.6575824022293091, "4": 0.664188027381897, "5": 0.6609545946121216}, "33": {"0": 0.6710672378540039, "1": 0.6558857560157776, "2": 0.6687913537025452, "3": 0.682367205619812, "4": 0.6646571159362793, "5": 0.6651379466056824}, "34": {"0": 0.6604280471801758, "1": 0.6760460138320923, "2": 0.646261990070343, "3": 0.6765059232711792, "4": 0.6563706994056702, "5": 0.6625715494155884}, "35": {"0": 0.6559754014015198, "1": 0.6571083068847656, "2": 0.6687702536582947, "3": 0.668302595615387, "4": 0.6731793284416199, "5": 0.6640377640724182}}}